{
  "id": "f936a829-f479-4512-8c94-d66fc89a1aed",
  "prevId": "00000000-0000-0000-0000-000000000000",
  "version": "7",
  "dialect": "postgresql",
  "tables": {
    "public.bot_settings": {
      "name": "bot_settings",
      "schema": "",
      "columns": {
        "id": {
          "name": "id",
          "type": "serial",
          "primaryKey": true,
          "notNull": true
        },
        "chat_id": {
          "name": "chat_id",
          "type": "text",
          "primaryKey": false,
          "notNull": true
        },
        "default_mute_duration": {
          "name": "default_mute_duration",
          "type": "integer",
          "primaryKey": false,
          "notNull": false,
          "default": 1440
        },
        "warning_threshold": {
          "name": "warning_threshold",
          "type": "integer",
          "primaryKey": false,
          "notNull": false,
          "default": 3
        },
        "mute_threshold": {
          "name": "mute_threshold",
          "type": "integer",
          "primaryKey": false,
          "notNull": false,
          "default": 5
        },
        "ban_threshold": {
          "name": "ban_threshold",
          "type": "integer",
          "primaryKey": false,
          "notNull": false,
          "default": 8
        },
        "delete_on_filter": {
          "name": "delete_on_filter",
          "type": "boolean",
          "primaryKey": false,
          "notNull": false,
          "default": true
        },
        "warn_on_filter": {
          "name": "warn_on_filter",
          "type": "boolean",
          "primaryKey": false,
          "notNull": false,
          "default": true
        },
        "notify_admins": {
          "name": "notify_admins",
          "type": "boolean",
          "primaryKey": false,
          "notNull": false,
          "default": true
        },
        "custom_welcome_message": {
          "name": "custom_welcome_message",
          "type": "text",
          "primaryKey": false,
          "notNull": false
        }
      },
      "indexes": {},
      "foreignKeys": {},
      "compositePrimaryKeys": {},
      "uniqueConstraints": {
        "bot_settings_chat_id_unique": {
          "name": "bot_settings_chat_id_unique",
          "nullsNotDistinct": false,
          "columns": [
            "chat_id"
          ]
        }
      },
      "policies": {},
      "checkConstraints": {},
      "isRLSEnabled": false
    },
    "public.filtered_words": {
      "name": "filtered_words",
      "schema": "",
      "columns": {
        "id": {
          "name": "id",
          "type": "serial",
          "primaryKey": true,
          "notNull": true
        },
        "word": {
          "name": "word",
          "type": "text",
          "primaryKey": false,
          "notNull": true
        },
        "category": {
          "name": "category",
          "type": "text",
          "primaryKey": false,
          "notNull": true
        },
        "delete_message": {
          "name": "delete_message",
          "type": "boolean",
          "primaryKey": false,
          "notNull": false,
          "default": true
        },
        "warn_user": {
          "name": "warn_user",
          "type": "boolean",
          "primaryKey": false,
          "notNull": false,
          "default": true
        },
        "auto_mute": {
          "name": "auto_mute",
          "type": "boolean",
          "primaryKey": false,
          "notNull": false,
          "default": false
        },
        "auto_ban": {
          "name": "auto_ban",
          "type": "boolean",
          "primaryKey": false,
          "notNull": false,
          "default": false
        },
        "warnings_before_mute": {
          "name": "warnings_before_mute",
          "type": "integer",
          "primaryKey": false,
          "notNull": false,
          "default": 3
        },
        "warnings_before_ban": {
          "name": "warnings_before_ban",
          "type": "integer",
          "primaryKey": false,
          "notNull": false,
          "default": 5
        }
      },
      "indexes": {},
      "foreignKeys": {},
      "compositePrimaryKeys": {},
      "uniqueConstraints": {},
      "policies": {},
      "checkConstraints": {},
      "isRLSEnabled": false
    },
    "public.moderation_logs": {
      "name": "moderation_logs",
      "schema": "",
      "columns": {
        "id": {
          "name": "id",
          "type": "serial",
          "primaryKey": true,
          "notNull": true
        },
        "timestamp": {
          "name": "timestamp",
          "type": "timestamp",
          "primaryKey": false,
          "notNull": false,
          "default": "now()"
        },
        "telegram_user_id": {
          "name": "telegram_user_id",
          "type": "integer",
          "primaryKey": false,
          "notNull": false
        },
        "action_type": {
          "name": "action_type",
          "type": "text",
          "primaryKey": false,
          "notNull": true
        },
        "details": {
          "name": "details",
          "type": "text",
          "primaryKey": false,
          "notNull": false
        },
        "performed_by": {
          "name": "performed_by",
          "type": "text",
          "primaryKey": false,
          "notNull": true
        },
        "message_content": {
          "name": "message_content",
          "type": "text",
          "primaryKey": false,
          "notNull": false
        },
        "filtered_word_id": {
          "name": "filtered_word_id",
          "type": "integer",
          "primaryKey": false,
          "notNull": false
        },
        "metadata": {
          "name": "metadata",
          "type": "json",
          "primaryKey": false,
          "notNull": false
        }
      },
      "indexes": {},
      "foreignKeys": {},
      "compositePrimaryKeys": {},
      "uniqueConstraints": {},
      "policies": {},
      "checkConstraints": {},
      "isRLSEnabled": false
    },
    "public.telegram_users": {
      "name": "telegram_users",
      "schema": "",
      "columns": {
        "id": {
          "name": "id",
          "type": "serial",
          "primaryKey": true,
          "notNull": true
        },
        "telegram_id": {
          "name": "telegram_id",
          "type": "text",
          "primaryKey": false,
          "notNull": true
        },
        "username": {
          "name": "username",
          "type": "text",
          "primaryKey": false,
          "notNull": false
        },
        "first_name": {
          "name": "first_name",
          "type": "text",
          "primaryKey": false,
          "notNull": false
        },
        "last_name": {
          "name": "last_name",
          "type": "text",
          "primaryKey": false,
          "notNull": false
        },
        "warning_count": {
          "name": "warning_count",
          "type": "integer",
          "primaryKey": false,
          "notNull": false,
          "default": 0
        },
        "is_muted": {
          "name": "is_muted",
          "type": "boolean",
          "primaryKey": false,
          "notNull": false,
          "default": false
        },
        "is_banned": {
          "name": "is_banned",
          "type": "boolean",
          "primaryKey": false,
          "notNull": false,
          "default": false
        },
        "mute_expires_at": {
          "name": "mute_expires_at",
          "type": "timestamp",
          "primaryKey": false,
          "notNull": false
        }
      },
      "indexes": {},
      "foreignKeys": {},
      "compositePrimaryKeys": {},
      "uniqueConstraints": {
        "telegram_users_telegram_id_unique": {
          "name": "telegram_users_telegram_id_unique",
          "nullsNotDistinct": false,
          "columns": [
            "telegram_id"
          ]
        }
      },
      "policies": {},
      "checkConstraints": {},
      "isRLSEnabled": false
    },
    "public.users": {
      "name": "users",
      "schema": "",
      "columns": {
        "id": {
          "name": "id",
          "type": "serial",
          "primaryKey": true,
          "notNull": true
        },
        "username": {
          "name": "username",
          "type": "text",
          "primaryKey": false,
          "notNull": true
        },
        "password": {
          "name": "password",
          "type": "text",
          "primaryKey": false,
          "notNull": true
        },
        "email": {
          "name": "email",
          "type": "text",
          "primaryKey": false,
          "notNull": false
        },
        "is_admin": {
          "name": "is_admin",
          "type": "boolean",
          "primaryKey": false,
          "notNull": false,
          "default": false
        },
        "created_at": {
          "name": "created_at",
          "type": "timestamp",
          "primaryKey": false,
          "notNull": false,
          "default": "now()"
        }
      },
      "indexes": {},
      "foreignKeys": {},
      "compositePrimaryKeys": {},
      "uniqueConstraints": {
        "users_username_unique": {
          "name": "users_username_unique",
          "nullsNotDistinct": false,
          "columns": [
            "username"
          ]
        }
      },
      "policies": {},
      "checkConstraints": {},
      "isRLSEnabled": false
    }
  },
  "enums": {},
  "schemas": {},
  "sequences": {},
  "roles": {},
  "policies": {},
  "views": {},
  "_meta": {
    "columns": {},
    "schemas": {},
    "tables": {}
  }
}